,latitude,longitude
0,42.06018936796115,-87.67553965900325
1,42.060187847445434,-87.67554246103452
2,42.06018417871903,-87.67561685516706
3,42.06016128861428,-87.67566810127987
4,42.051741612223296,-87.67816155692664
5,42.051757279791275,-87.67816180058
6,42.051738167501775,-87.67815372927879
7,42.05174828075483,-87.67815025670724
8,42.051787888932715,-87.67816140890048
9,42.05181131322856,-87.6781486481559
10,42.05184951625111,-87.67816003905118
11,42.05180401520648,-87.67825377103465
12,42.05178493359472,-87.67827721289531
13,42.05175186348072,-87.67828557059963
14,42.058027477492125,-87.67692313612342
15,42.05804885340376,-87.67695586363382
16,42.05804889026171,-87.67695398938535
17,42.05803782951708,-87.67691034785838
18,42.057983521043724,-87.67692112857233
19,42.05797259052527,-87.67691770584828
20,42.05798735672319,-87.67691611101083
21,42.05808862000385,-87.67689258653508
22,42.05823936661363,-87.6769222802808
23,42.05800589110499,-87.67703579063718
24,42.0501516,-87.677644
25,42.0501655,-87.6776119
26,42.0502452,-87.6775863
27,42.0502166,-87.677632
28,42.0501022,-87.677411
29,42.0500984,-87.6773253
30,42.0501115,-87.6773406
31,42.0501008,-87.6773301
32,42.0500919,-87.677341
33,42.050094,-87.6773428
34,42.05322424853603,-87.67326683095754
35,42.0532248862544,-87.67327265184707
36,42.053170914965115,-87.67343667726755
37,42.05311054612162,-87.67347079552917
38,42.05311336989564,-87.67345082792654
39,42.05312799863622,-87.67344253715966
40,42.05312136080756,-87.6734472572063
41,42.052722318350966,-87.67373020846573
42,42.05260442322355,-87.67401901193477
43,42.052507147384325,-87.67426797521806
44,42.05636918180284,-87.67461066379705
45,42.05633467535701,-87.67465940522192
46,42.056327384360046,-87.67463342849867
47,42.05631748136347,-87.67464143515973
48,42.05628852324136,-87.67464842942509
49,42.056226550924656,-87.67470098366489
50,42.05627812919417,-87.67465865424796
51,42.05628376758629,-87.67467459961019
52,42.05627799611338,-87.67473290146133
53,42.0562378199952,-87.67475238521536
54,42.050710885008726,-87.6779713812339
55,42.05069498570533,-87.67797357347729
56,42.05069837415323,-87.67796830584078
57,42.05071587121741,-87.6779792867392
58,42.050721612026216,-87.67797646715336
59,42.05071520137223,-87.67796477687172
60,42.050719619682724,-87.67797729517584
61,42.0507059607684,-87.6779988506244
62,42.050681977491124,-87.6780145010198
63,42.05067490995129,-87.67789294190227
64,42.05162239264888,-87.67288427808104
65,42.05162859525723,-87.67292258337854
66,42.051633289123004,-87.67294219703197
67,42.05163496550364,-87.67294001773715
68,42.0516221831013,-87.67291453675149
69,42.05162230882985,-87.67290288590608
70,42.05161308873636,-87.67290732831476
71,42.05161631576908,-87.67289634802161
72,42.05161468129796,-87.67288478099523
73,42.05159984532935,-87.67286919065533
74,42.05076372694724,-87.67808754241901
75,42.05076307937149,-87.67809231575572
76,42.05078103808389,-87.67812919490993
77,42.050733400293794,-87.67814333187793
78,42.05068539152764,-87.67807426647137
79,42.050696505873496,-87.67790714319732
80,42.05065980942207,-87.67774479232227
81,42.05098884940879,-87.67757647441954
82,42.05080552246305,-87.67763666968604
83,42.05117437226049,-87.67746567934067
84,42.0519011,-87.6757813
85,42.0519535,-87.6757711
86,42.0519269,-87.6758178
87,42.0519358,-87.6757833
88,42.0519095,-87.6757535
89,42.0517227,-87.6758657
90,42.0518235,-87.676352
91,42.051588,-87.6767459
92,42.0513329,-87.6772375
93,42.0512355,-87.6774489
94,42.0573335232704,-87.6768949093243
95,42.05734203088179,-87.67689962851492
96,42.05731536028504,-87.67691729942581
97,42.05730523869272,-87.67695049639738
98,42.05730944101844,-87.67694976670703
99,42.057310108989846,-87.67696779475379
100,42.05733726582775,-87.67698543053783
101,42.057283186397584,-87.67708681328277
102,42.05713438891691,-87.67710096790624
103,42.056960938786325,-87.67711004996725
104,42.05164737231884,-87.67820737108197
105,42.051680929493706,-87.67824047886798
106,42.05168992322285,-87.67829042786188
107,42.075791107600025,-87.656014037703
108,42.075791107600025,-87.656014037703
109,42.075791107600025,-87.656014037703
110,42.075791107600025,-87.656014037703
111,42.075791107600025,-87.656014037703
112,42.075791107600025,-87.656014037703
113,42.075791107600025,-87.656014037703
114,42.05164806891826,-87.6809901964751
115,42.05166733833736,-87.68099589154376
116,42.05166900974383,-87.68099909069589
117,42.05167180840567,-87.68100359034656
118,42.05168675437704,-87.68106143842735
119,42.05165924613937,-87.68099020633102
120,42.05163868480377,-87.68101466958034
121,42.051609390438344,-87.68098787217235
122,42.05159506625701,-87.68092076985107
123,42.051659226978444,-87.68094955050964
124,42.05162569954417,-87.68122410924919
125,42.05162458876623,-87.68122410118934
126,42.05162074992991,-87.68122507165656
127,42.051618496397126,-87.6812234777133
128,42.051611253190416,-87.68125810391098
129,42.0516031191103,-87.68126089725077
130,42.05156268277838,-87.68126062823742
131,42.051542259578675,-87.68126259856818
132,42.05152327202042,-87.68125118871285
133,42.051482923313266,-87.68117606212802
134,42.05164506569696,-87.67359791331708
135,42.051650681572085,-87.6735760365498
136,42.05166438598377,-87.67355550088703
137,42.05166853502584,-87.6735466998887
138,42.051665140355055,-87.67355717726767
139,42.051662206688945,-87.67355147757351
140,42.05166589472634,-87.6735366416049
141,42.051673438439195,-87.67351409428537
142,42.0516697504018,-87.67346908346533
143,42.05165994357509,-87.6734190435034
144,42.05063839912605,-87.67807167031586
145,42.050641081335066,-87.6780646295172
146,42.05066614322555,-87.67808047131419
147,42.05066144935977,-87.67808667392254
148,42.05065671358448,-87.67803328119933
149,42.05068261366528,-87.67797729008615
150,42.05069594089132,-87.67799505972087
151,42.05070377797079,-87.67798550435126
152,42.05067272301954,-87.6778399945122
153,42.05054925758582,-87.67777478330552
154,42.05298504958678,-87.67337941832862
155,42.05304459302177,-87.67335803301025
156,42.05308458753286,-87.67336444559665
157,42.05309870026998,-87.6733743791729
158,42.05310043765907,-87.67335303992094
159,42.053096653847064,-87.67335255779643
160,42.05308368867132,-87.67333795417775
161,42.053068852969794,-87.67333689401079
162,42.0529552331604,-87.67332691400043
163,42.05280200320907,-87.67339779716168
164,42.04956767216379,-87.67513863046328
165,42.0495723565206,-87.67514662752536
166,42.049581649747836,-87.6751461288847
167,42.04958681911218,-87.67514958347503
168,42.049585537155195,-87.67515230607694
169,42.04958318196939,-87.67516159518303
170,42.04958855123001,-87.67517290494342
171,42.04959446622597,-87.6752449113097
172,42.04966418890962,-87.67527852518936
173,42.049799350830305,-87.6752149674749
174,42.05398181457264,-87.67801475719332
175,42.05398080874426,-87.67801911578297
176,42.05398080874426,-87.67801911578297
177,42.05398080874426,-87.67801911578297
178,42.05398080874426,-87.67801911578297
179,42.05398080874426,-87.67801911578297
180,42.05397452231688,-87.6780295093429
181,42.05397452231688,-87.6780295093429
182,42.053966559508865,-87.67805046410083
183,42.05394241962773,-87.67801132061302
184,42.04955084718954,-87.67506399200082
185,42.04952930569839,-87.67507337973237
186,42.04952930569839,-87.67507337973237
187,42.04952930569839,-87.67507337973237
188,42.049541208000896,-87.67506063923955
189,42.0495470334236,-87.67506189652502
190,42.04956932928604,-87.6750681829524
191,42.04957435842794,-87.67505158678412
192,42.04953123353612,-87.67502585434138
193,42.04950830903095,-87.67498511829197
194,42.05867639281047,-87.67594945625186
195,42.05867639281047,-87.67594945625186
196,42.05867639281047,-87.67594945625186
197,42.05868142195237,-87.6759458520335
198,42.05868469089461,-87.6759453491193
199,42.05868469089461,-87.6759453491193
200,42.05868469089461,-87.6759453491193
201,42.05868456516606,-87.67593998470127
202,42.058684020342355,-87.67593679957807
203,42.05868389461381,-87.67593696721613
204,42.04972945046196,-87.67500398971916
205,42.04973080874047,-87.67500885146242
206,42.04973306152724,-87.67501691495673
207,42.04973615976815,-87.67502800462054
208,42.04973223083295,-87.67501394161778
209,42.04972860519268,-87.6750009642113
210,42.049728017535884,-87.67499886078664
211,42.049725924421026,-87.67499136881273
212,42.04973355886125,-87.67501869508524
213,42.04966491495055,-87.67522974830356
214,42.05131580097171,-87.6779308972432
215,42.051314482158084,-87.67792980280974
216,42.05132252165632,-87.67791597532067
217,42.05131027936915,-87.67793546348867
218,42.051325548261985,-87.67791040973047
219,42.051307725677205,-87.67791193626158
220,42.05135380772797,-87.67792714122778
221,42.05133727313265,-87.67792075302167
222,42.051309705947034,-87.67791364494947
223,42.05128521954603,-87.67782762818256
224,42.06021422058536,-87.67561133027792
225,42.06021422058536,-87.67561133027792
226,42.06021422058536,-87.67561133027792
227,42.06022088419838,-87.67560965389728
228,42.06022155475063,-87.67561133027792
229,42.060213130937946,-87.67560764224052
230,42.060160408767,-87.67566296280145
231,42.0601239474882,-87.67567218289494
232,42.06009331163211,-87.67573077239811
233,42.06008275043411,-87.67580134802282
234,42.05393787314192,-87.67814491608975
235,42.05394808253947,-87.67815681483319
236,42.0539309814609,-87.67815038596164
237,42.05392590769343,-87.67813961799882
238,42.05394696798353,-87.67811387443825
239,42.05395591842366,-87.67813317415845
240,42.053963251832464,-87.67811816492221
241,42.053955580543715,-87.67812525590482
242,42.05395972973153,-87.67811105954756
243,42.053947123452424,-87.67809127456215
244,42.057042173149114,-87.67672511757135
245,42.05705168660921,-87.67665621832728
246,42.05707389865262,-87.67660969876468
247,42.05705818258417,-87.67669770874798
248,42.057082112917726,-87.67681145117402
249,42.05707611985696,-87.67682796352327
250,42.05706627112073,-87.676774403162
251,42.0570117468406,-87.67684464351058
252,42.05702440351439,-87.67692686998069
253,42.05702167939586,-87.67705922023177
254,42.05047671221387,-87.67879393891215
255,42.050473736638246,-87.67883886591315
256,42.05049464948666,-87.67882872381031
257,42.05049117099684,-87.67883148983836
258,42.05046158287865,-87.67882788562
259,42.05045257233274,-87.67882176683068
260,42.05041154291671,-87.67879284926474
261,42.050447040276644,-87.67879184343636
262,42.05045500308466,-87.67865262002468
263,42.05055990260285,-87.67856829807877
264,42.050795182624874,-87.67838012435257
265,42.050795182624874,-87.67838012435257
266,42.050795182624874,-87.67838012435257
267,42.050795182624874,-87.67838012435257
268,42.050795182624874,-87.67838012435257
269,42.050795182624874,-87.67838012435257
270,42.050795182624874,-87.67838012435257
271,42.050797110462604,-87.67837467611551
272,42.05078814182621,-87.67837274827778
273,42.050795475991485,-87.67835556537628
274,42.05915698777037,-87.67559096671665
275,42.05912450892469,-87.67560099322795
276,42.05913220859316,-87.67560101927911
277,42.05914181228003,-87.6756192174769
278,42.05914882554135,-87.67559623158246
279,42.05914211332452,-87.67556333098588
280,42.059218553301676,-87.6755348703117
281,42.05920180340777,-87.67567587044114
282,42.05910756018515,-87.675914484888
283,42.05892999312117,-87.67594972138023
284,42.051535380344745,-87.67993885208982
285,42.05153373246831,-87.67996459494333
286,42.05154130784814,-87.6799564465396
287,42.05156023185924,-87.67995034664024
288,42.05155507286788,-87.67998899096625
289,42.05152633411971,-87.68004256354693
290,42.05152744558617,-87.68016367542002
291,42.05171772681124,-87.68019336040278
292,42.05154830488834,-87.68020836472083
293,42.05163254943492,-87.68018915534165
294,42.051156120132084,-87.67435496116804
295,42.051157497866356,-87.67437375527997
296,42.051132734725705,-87.67438684152441
297,42.05111423508026,-87.67440296513638
298,42.051109004426436,-87.67441994992927
299,42.051112569463655,-87.67443437070206
300,42.05112088340779,-87.67450406729837
301,42.05108771686088,-87.67461977263258
302,42.05093324425309,-87.67465104226729
303,42.050750734180916,-87.67468504463167
304,42.05837297601007,-87.6745606495172
305,42.05837682079119,-87.67455957360093
306,42.058362478820854,-87.67457048963846
307,42.05836290669589,-87.67452688798859
308,42.05834916221136,-87.67450784592114
309,42.058292107557634,-87.67440541011344
310,42.05804033832759,-87.67436257142407
311,42.057836418214215,-87.67437710507372
312,42.057587109346066,-87.67435648811039
313,42.05740433008823,-87.67439863285095
314,42.051542010197466,-87.6759453491193
315,42.0515376096983,-87.67603972934901
316,42.05152449201984,-87.67591207296371
317,42.05153304156107,-87.67591224060178
318,42.05154154919279,-87.67594870188057
319,42.05154175874037,-87.67597460196137
320,42.05152667131466,-87.67597527251363
321,42.05156187530798,-87.67599656254768
322,42.05154410567326,-87.67596722588658
323,42.05152985643787,-87.67591676682949
324,42.05301082465969,-87.67327583882975
325,42.05297252656048,-87.6732817997971
326,42.05299696394105,-87.67331221587278
327,42.053001569310496,-87.67336629209377
328,42.05300370844305,-87.67334538742377
329,42.052998325975295,-87.67329271359762
330,42.05300014675681,-87.6732990934901
331,42.05297420356821,-87.67338247116788
332,42.05284155057872,-87.673495664714
333,42.05276037236564,-87.67374617566674
334,42.0506847,-87.6781334
335,42.0507466,-87.6780672
336,42.0507358,-87.6780428
337,42.0507137,-87.678017
338,42.0507795,-87.6776018
339,42.051171,-87.677457
340,42.0513464,-87.6770105
341,42.0516729,-87.6764512
342,42.0517022,-87.6760151
343,42.0518466,-87.675519
344,42.05307613606055,-87.67322325156503
345,42.053116105971,-87.6733004419306
346,42.05310078737064,-87.67336808728129
347,42.05310890230353,-87.67334248927021
348,42.05305399960691,-87.67331038833402
349,42.053097542096346,-87.67334960678542
350,42.05303729240981,-87.67330745506628
351,42.052953703208516,-87.67334995659212
352,42.05285853438226,-87.67344400853037
353,42.052762858739335,-87.67360440107136
354,42.05866147302282,-87.67426259823858
355,42.05866147302282,-87.67426259823858
356,42.05866147302282,-87.67426259823858
357,42.05862601757241,-87.67426435843825
358,42.058608038390105,-87.67434968621254
359,42.05866147302282,-87.67426259823858
360,42.05864806197775,-87.67423929654777
361,42.05865606669528,-87.67425505452573
362,42.05800315834773,-87.67465663150668
363,42.05781557135475,-87.67470507890701
364,42.060335973313705,-87.67541792883948
365,42.06038550340087,-87.6754766347932
366,42.060409126032894,-87.67547086559415
367,42.060407372916764,-87.67550658199909
368,42.0603904736381,-87.67540611704777
369,42.06039578586776,-87.6753805306774
370,42.06036507586193,-87.67539736552393
371,42.06031977843653,-87.67540407788637
372,42.060281351837915,-87.67542017798222
373,42.0601645997971,-87.67550557351578
374,42.05070424773855,-87.67844811240707
375,42.05065730548815,-87.67847007513097
376,42.05066957511661,-87.6784452059763
377,42.050679416107045,-87.67836322600844
378,42.05069369789045,-87.67833437839069
379,42.05071201109389,-87.678350932567
380,42.050740936288705,-87.67837903225958
381,42.05077838888193,-87.67841978368186
382,42.05082273298211,-87.6784297681227
383,42.05093562479884,-87.67834983633674
384,42.052230183171915,-87.67168936016836
385,42.0522299349183,-87.67169854258634
386,42.052231945427465,-87.67171389198423
387,42.05222569760992,-87.67170133114458
388,42.05222956293683,-87.67170256286451
389,42.05223038719801,-87.67168591525278
390,42.052238416649224,-87.67168924140454
391,42.05228288339179,-87.671698356446
392,42.0523708633587,-87.6717551716095
393,42.05243381574364,-87.67178967185274
394,42.05128605727719,-87.67796086279156
395,42.05132516110393,-87.67796655564507
396,42.05134276278788,-87.67795338401093
397,42.0513401359294,-87.67794959436098
398,42.05133874267079,-87.67797559368493
399,42.05129903605716,-87.67797967532252
400,42.051267762046365,-87.67792438977767
401,42.05126135351019,-87.67770740088066
402,42.05122212241486,-87.67747365711456
403,42.051213728681994,-87.67731252585999
404,42.05912281297339,-87.67653183088422
405,42.05912281297339,-87.67653183088422
406,42.05912532754434,-87.67652629882812
407,42.05912532754434,-87.67652629882812
408,42.05911950212164,-87.67653895550191
409,42.05903786238475,-87.67655655749857
410,42.058912427203786,-87.67653778203547
411,42.05874428622616,-87.67659503043413
412,42.058032662646895,-87.67701680780172
413,42.05866654407424,-87.676740037359
414,42.05143475963739,-87.67599836547411
415,42.05142913001748,-87.67599571784939
416,42.05143409604937,-87.67600870743127
417,42.05142761516478,-87.67602012038463
418,42.0514302549483,-87.6760177352759
419,42.05144338207091,-87.67605520153244
420,42.05180297670649,-87.67656401577024
421,42.05143364523621,-87.67609163906005
422,42.0517420722623,-87.67642498462709
423,42.05150916549633,-87.67614973344664
424,42.05766062284448,-87.67697233337852
425,42.05767128620426,-87.67697256857588
426,42.05766848981273,-87.6769701638242
427,42.057659121282,-87.67695456447744
428,42.05765332525048,-87.67692777098046
429,42.05765772153505,-87.67693399614213
430,42.0576590775991,-87.67694107725414
431,42.057644313172766,-87.67692543778574
432,42.05750416849832,-87.67692169763643
433,42.057321187799566,-87.6769517761484
434,42.05106738493037,-87.67427282416045
435,42.0510365395267,-87.67421859324693
436,42.051093536468265,-87.67422840007364
437,42.05097512407953,-87.67454957750365
438,42.05095310293675,-87.67458453455097
439,42.05095958219656,-87.67458297640232
440,42.050982436146306,-87.67458237810698
441,42.05096904198666,-87.67458268906913
442,42.05108538647069,-87.67458737747936
443,42.051087578712995,-87.67455620953493
444,42.0580186648686,-87.67315560028672
445,42.0580186648686,-87.67315560028672
446,42.0580186648686,-87.67315560028672
447,42.0580186648686,-87.67315560028672
448,42.0580186648686,-87.67315560028672
449,42.05798069484723,-87.67312282704532
450,42.05798069484723,-87.67312282704532
451,42.05803203400416,-87.67312098302662
452,42.058011707888966,-87.67312928111076
453,42.05803203400416,-87.67312098302662
454,42.05088909586815,-87.67400843388928
455,42.0509094507802,-87.67400389257465
456,42.050996819127505,-87.67396658485008
457,42.05099600022171,-87.67397087067974
458,42.051007177143575,-87.67396982904657
459,42.05100371658743,-87.67394473667046
460,42.05098571419213,-87.67393781610986
461,42.05094065045486,-87.67380829213944
462,42.05110234541539,-87.67363002915107
463,42.051321984610176,-87.67363511358312
464,42.059597346176346,-87.67564844519711
465,42.05955075897033,-87.67561056855516
466,42.05949616537247,-87.67557032537573
467,42.05947809609699,-87.67554529788279
468,42.05945811819569,-87.67551008113823
469,42.05940789283366,-87.67547278315779
470,42.059342593601414,-87.6752928391369
471,42.05918009940261,-87.67514929720072
472,42.05908453637322,-87.6749953355733
473,42.059023366283256,-87.67488407026877
474,42.05061384014976,-87.67869302079797
475,42.050656965041576,-87.6785892528367
476,42.05063890204024,-87.67868153759062
477,42.050666897596834,-87.67858455897093
478,42.05069539606762,-87.67858866610348
479,42.05069053456378,-87.67862244517326
480,42.050669915081976,-87.67863702968478
481,42.05065507911336,-87.67865102746308
482,42.05060855955076,-87.67869000331282
483,42.050629556218205,-87.67862378627777
484,42.05914629505233,-87.67701558898239
485,42.05914374826927,-87.6770155637016
486,42.05913347255664,-87.67701546167729
487,42.059147477881965,-87.67701560072088
488,42.05915617647632,-87.67701568708092
489,42.05895760445576,-87.67701371568447
490,42.059165237849435,-87.67701577703986
491,42.05902337880885,-87.67701436868118
492,42.05885669245226,-87.67701271383727
493,42.0585544026557,-87.6768086791242
494,42.0520010947425,-87.67355080708676
495,42.051999822426495,-87.67354955041584
496,42.05199812355776,-87.67355566726081
497,42.05199164443567,-87.6735520596383
498,42.051989577458976,-87.6735523688041
499,42.05201050863474,-87.67355152522653
500,42.05200711830225,-87.67355207463709
501,42.05200528022556,-87.67355387103531
502,42.05200085180076,-87.67357632236336
503,42.05199469488752,-87.67358234566404
504,42.05163573220817,-87.67870369210024
505,42.05162178597361,-87.67871359248863
506,42.05165008778039,-87.67871694592989
507,42.0516573002883,-87.67870827750376
508,42.05166616537061,-87.67871708735248
509,42.051656711712006,-87.67871534201433
510,42.0516430624922,-87.67869239629097
511,42.05168336624695,-87.67869867017205
512,42.051544327092635,-87.67834545619056
513,42.051649486890504,-87.67868363138518
514,42.05755443768111,-87.67703053068138
515,42.057531032201545,-87.67703068077364
516,42.05752795998187,-87.67703070047085
517,42.0575042757637,-87.67701973718036
518,42.057485450265325,-87.67703097308393
519,42.05750555323087,-87.67703084417067
520,42.05749666619406,-87.67703090115933
521,42.05740093907432,-87.67703120041105
522,42.05749415054514,-87.67703091729302
523,42.05716714757789,-87.67708317969655
524,42.05195272345287,-87.67566841103852
525,42.05191307705087,-87.67569950789928
526,42.051921919958716,-87.67570520759344
527,42.05192912839544,-87.67568333082616
528,42.05194203652633,-87.67569221564352
529,42.0519113168512,-87.67568467193067
530,42.05195301681948,-87.6756620407921
531,42.05209638927323,-87.67567729585588
532,42.05222408756805,-87.67566648320079
533,42.05237269871128,-87.67562918373167
534,42.06082561887165,-87.67596458824242
535,42.06084174074102,-87.67597906071192
536,42.06084833055174,-87.67595404934202
537,42.060877971873055,-87.67594743572276
538,42.06086928645583,-87.6759483663296
539,42.0608757375642,-87.67592268864036
540,42.060824207261696,-87.67589311561593
541,42.060825979866145,-87.67587412702234
542,42.06079314704486,-87.6758717417424
543,42.06077993820959,-87.67585562438197
544,42.05890421812086,-87.6759334411094
545,42.05892300761917,-87.67594579527997
546,42.0589588881974,-87.67599408928308
547,42.059015249994324,-87.67605081848843
548,42.05910007728103,-87.67606278557656
549,42.05910286746838,-87.67601750199856
550,42.059164735822726,-87.67601801460786
551,42.05921487826512,-87.67599017154555
552,42.05934607495429,-87.67603257158918
553,42.05944391183874,-87.67604249637576
554,42.05076727088731,-87.67841432251751
555,42.050764421040235,-87.67843075104773
556,42.050764421040235,-87.67843075104773
557,42.05077204857212,-87.67841549598396
558,42.05076844435376,-87.67842547044873
559,42.05077896364224,-87.67842228532552
560,42.05062909521353,-87.6783133205843
561,42.05080310352337,-87.67842337497294
562,42.050714339168785,-87.67814509578764
563,42.050689947830556,-87.67793890096962
564,42.050816221201835,-87.6784491912347
565,42.05079438634407,-87.67843846239865
566,42.05079438634407,-87.67843846239865
567,42.05079438634407,-87.67843846239865
568,42.0572325,-87.6768636
569,42.0572559,-87.676862
570,42.0572653,-87.6769213
571,42.0572703,-87.6769888
572,42.0571021,-87.6770312
573,42.0564059,-87.6770645
574,42.0556985,-87.6770141
575,42.0550715,-87.6770741
576,42.0542667,-87.677078
577,42.053617,-87.6770832
578,42.0517093,-87.6786823
579,42.0517157,-87.6786826
580,42.0517623,-87.6787041
581,42.0518229,-87.6785388
582,42.0519402,-87.6781557
583,42.0520616,-87.6776612
584,42.0524855,-87.6774222
585,42.0531053,-87.6773966
586,42.0536288,-87.6774285
587,42.0538942,-87.6771209
588,42.05944115765585,-87.67563790091097
589,42.05944115765585,-87.67563790091097
590,42.0594296744485,-87.67564678572833
591,42.059416892046166,-87.67566497445821
592,42.05936911519809,-87.67565106049895
593,42.05936911519809,-87.67565106049895
594,42.05931366890861,-87.67563421287358
595,42.059358721638155,-87.67562943518877
596,42.05934836998774,-87.67563723035872
597,42.05934857953532,-87.67566673465788
598,42.05343900252325,-87.67488788821518
599,42.05342743549687,-87.67489844941318
600,42.05344822261674,-87.6749095973444
601,42.05352822788251,-87.67490942970633
602,42.05354821872157,-87.67488998369097
603,42.053602743001704,-87.67486022793472
604,42.053775242568975,-87.67475989655375
605,42.05394837077898,-87.67470222905993
606,42.054393864358666,-87.6747505598178
607,42.054405142592316,-87.67472712331235
608,42.060802672097516,-87.67588248484552
609,42.060797517227066,-87.67592883677005
610,42.060797517227066,-87.67592883677005
611,42.060797517227066,-87.67592883677005
612,42.06075497906847,-87.67581358560145
613,42.06065590497298,-87.67590134412765
614,42.060401430392695,-87.67588290394067
615,42.06016895830823,-87.67586513430595
616,42.05991775267018,-87.67580193475604
617,42.059697769621444,-87.67580972992599
618,42.05142700609008,-87.6759995606527
619,42.051421061658296,-87.67600744325877
620,42.051425794092154,-87.67600766912953
621,42.05144226198781,-87.67600486282008
622,42.05144324930102,-87.67599348018238
623,42.05141381944505,-87.67596930574787
624,42.05150750549812,-87.67600279437654
625,42.05140276898177,-87.67593904459882
626,42.05164237833952,-87.67612498211562
627,42.05175512069131,-87.67620724688591
628,42.05911262896104,-87.67545073301315
629,42.05910361841513,-87.67544989482283
630,42.0591233577971,-87.67547302887559
631,42.059131488243175,-87.67553287566423
632,42.05919963311596,-87.67560370274603
633,42.05921694174601,-87.67559347682416
634,42.05919648990227,-87.67550840050697
635,42.0591265429203,-87.67546238385856
636,42.05912553709192,-87.67543614850163
637,42.05912780020578,-87.6753858570826
638,42.05192942672864,-87.67571669463368
639,42.05190848991669,-87.6757696212571
640,42.051904457259674,-87.6757844407202
641,42.051914613351734,-87.67574514446734
642,42.05191456348905,-87.67574081140025
643,42.05192964049491,-87.6757438431784
644,42.051908538266176,-87.67568575769307
645,42.05189355842689,-87.67566563950085
646,42.0519212939475,-87.67568485252329
647,42.0518850855513,-87.67572519152098
648,42.059161699958686,-87.67373544131709
649,42.05919024986855,-87.67373514935731
650,42.05914648196163,-87.67372500463541
651,42.05913389071488,-87.67370299640056
652,42.059123501929506,-87.67374042466578
653,42.05915829166205,-87.67375605040256
654,42.05917652976823,-87.67369818530112
655,42.05918109413907,-87.67364528901481
656,42.05914638163489,-87.67364037550813
657,42.059132587953954,-87.67365364850015
658,42.05194842391133,-87.6758036771149
659,42.051956813607376,-87.67582024371475
660,42.0519418993427,-87.67582384814038
661,42.05194482943402,-87.6757203872933
662,42.051928300509374,-87.67572271298747
663,42.05192638878528,-87.67572456090522
664,42.05187916634245,-87.67576971654582
665,42.05183548513546,-87.67575472705407
666,42.05173096684522,-87.67576230954245
667,42.0516876613053,-87.67577280226993
668,42.0574627579836,-87.67698119428414
669,42.057456029526,-87.67697498654702
670,42.05744159565481,-87.67699701124323
671,42.05743861070619,-87.67698802333307
672,42.057449438874585,-87.67698178181722
673,42.05744486134125,-87.67697666157224
674,42.05746171401933,-87.67697761377909
675,42.05746002675085,-87.67715404957454
676,42.057458256137025,-87.67715406092911
677,42.057455678108816,-87.67715407746154
678,42.0514922,-87.6813065
679,42.0515161,-87.6813729
680,42.0514834,-87.6813772
681,42.0515605,-87.6813754
682,42.0515718,-87.6813693
683,42.0515478,-87.6813066
684,42.0515481,-87.6813968
685,42.0515227,-87.6813917
686,42.0514216,-87.6813373
687,42.0513814,-87.6812998
688,42.05331245664677,-87.67875592964918
689,42.05330610883108,-87.6787469680283
690,42.053304707776654,-87.67874699402411
691,42.05330170410908,-87.67874686199077
692,42.05329976448692,-87.67874651891809
693,42.05329701488529,-87.67874569899237
694,42.053298224937464,-87.67873739378291
695,42.053294272858516,-87.67870698134249
696,42.05328577590546,-87.67872326268447
697,42.05327207841899,-87.67874553508643
698,42.05146933909697,-87.67605246984184
699,42.05147319477243,-87.67602799468457
700,42.05147319477243,-87.67602799468457
701,42.05146393276942,-87.67601022504985
702,42.05143660776508,-87.67598440878808
703,42.05137026500148,-87.67584451482415
704,42.051328942218845,-87.67563890673935
705,42.05125090670032,-87.67546062365889
706,42.05114969521952,-87.67525342301249
707,42.05111461695474,-87.67506181270599
708,42.0607717009653,-87.67594895333767
709,42.06076834820403,-87.67594124198675
710,42.060807533601356,-87.67596580096304
711,42.06082890745444,-87.67599890948057
712,42.060871990436745,-87.6759699080956
713,42.06083997156663,-87.67593612902581
714,42.06084076784743,-87.67591048040211
715,42.06082132183207,-87.67591953285753
716,42.06053788777633,-87.67599564053833
717,42.060272013807726,-87.6760196127814
718,42.05347345214528,-87.67320019201159
719,42.05346733335597,-87.67320773572445
720,42.05346284903777,-87.67321150758087
721,42.05381397093052,-87.6734638410231
722,42.05381134725205,-87.67346167535263
723,42.05381127400036,-87.67346161488823
724,42.05381158273612,-87.67346186972887
725,42.0538115208977,-87.67346181868541
726,42.05381230019585,-87.67346246194373
727,42.05395450327482,-87.67361763210559
728,42.05343891870422,-87.67497430563688
729,42.053411216514235,-87.67499433838546
730,42.053424962835436,-87.67501261093437
731,42.05341943077934,-87.6749701146853
732,42.05346092120004,-87.67494220294773
733,42.05345807135296,-87.67493298285424
734,42.05344281628919,-87.67491982326626
735,42.053441349456136,-87.67491973944723
736,42.05348606690956,-87.67487950631201
737,42.05354109410388,-87.67481572002887
738,42.05918536433444,-87.67646581707045
739,42.05919886968493,-87.67645604562816
740,42.0591687653982,-87.67646244145486
741,42.059170973457235,-87.67646718502924
742,42.059201711634465,-87.67654292410069
743,42.05930108499708,-87.67659305494772
744,42.05935422046958,-87.67656178659277
745,42.059464503939154,-87.67637919553333
746,42.05939521999753,-87.67645131975227
747,42.05944412554829,-87.67581132183358
748,42.05359054733259,-87.67324972905934
749,42.053596917579,-87.67326934271276
750,42.053596917579,-87.67326934271276
751,42.053596917579,-87.67326934271276
752,42.05381120093358,-87.67334654004097
753,42.053625709416394,-87.67329147093713
754,42.053940449880486,-87.67355449505865
755,42.05359599556965,-87.67329230912745
756,42.05407879319233,-87.67374920666933
757,42.05420686867279,-87.67398281031072
758,42.05740515767217,-87.67301463999134
759,42.05740173452307,-87.67305310387195
760,42.05737470418423,-87.67305632511996
761,42.05735812709479,-87.67306120224427
762,42.057343126188215,-87.67312374500325
763,42.05732171074071,-87.67312639536678
764,42.057212463985024,-87.67326880058444
765,42.0570318052627,-87.67329092886585
766,42.05684149094815,-87.67332109466045
767,42.05663351710126,-87.67339573487641
768,42.05114757473201,-87.68002963336802
769,42.051165631765954,-87.68001757812947
770,42.05118296867532,-87.67996786634427
771,42.05117661619279,-87.67990462177639
772,42.05120580221958,-87.67981143959851
773,42.05118016884375,-87.67982088122278
774,42.05121940780586,-87.6798005017786
775,42.05124174575952,-87.67978906299547
776,42.05121982530187,-87.67956319609408
777,42.05120251435932,-87.67944048376346
778,42.05952411416993,-87.67644028959923
779,42.059520022395304,-87.67649182771596
780,42.05952069149614,-87.67649642775194
781,42.05948576625415,-87.6765210149741
782,42.05944391587406,-87.6764962171806
783,42.059433004930575,-87.67654743749388
784,42.05940226596846,-87.67650456614687
785,42.05932089527277,-87.67645990689674
786,42.059172668477274,-87.6764551449696
787,42.059034212037375,-87.67652899723342
788,42.0512364,-87.6779468
789,42.0512649,-87.677943
790,42.0512854,-87.6778764
791,42.0511045,-87.6780359
792,42.0511814,-87.6779749
793,42.051266,-87.6770294
794,42.0503899,-87.6778041
795,42.0512616,-87.6773761
796,42.0520455,-87.6773208
797,42.0523184,-87.6775725
798,42.057448756663156,-87.67703119413322
799,42.05744597616157,-87.67703119413322
800,42.05744022178687,-87.6770311941332
801,42.057434949976134,-87.67703119413325
802,42.05740232490392,-87.67703119413325
803,42.05736244876351,-87.67701646472254
804,42.057283022170864,-87.67703119872569
805,42.05728299556211,-87.67703119891432
806,42.05728199464772,-87.67715412605436
807,42.05723965837737,-87.67715442619843
808,42.051587772750985,-87.6781821833727
809,42.05160440709175,-87.67817948601545
810,42.05159047361698,-87.67819310135073
811,42.05159701723568,-87.67818993134637
812,42.05157923722764,-87.67815128344994
813,42.05157009958826,-87.67814963886428
814,42.05160358642593,-87.67818630205825
815,42.051808475368134,-87.67827618477277
816,42.05184018485286,-87.67824739487247
817,42.05182562446999,-87.67818483695986
818,42.05741656421665,-87.676909397861
819,42.057407763756395,-87.67693286197056
820,42.05740831878808,-87.67693027645088
821,42.05741878953692,-87.67689663969303
822,42.05735843671535,-87.67690239885596
823,42.05735053231326,-87.67686432484344
824,42.05730975456003,-87.67682827652366
825,42.05720258661906,-87.6768993837351
826,42.05718576898795,-87.67689530882438
827,42.05714180902927,-87.67688724479689
828,42.05175989777041,-87.6717673056644
829,42.051761574151044,-87.6717746817392
830,42.05176249616039,-87.6718021743816
831,42.051764004902964,-87.67181416050313
832,42.051764004902964,-87.67181416050313
833,42.05176589083118,-87.67181307085572
834,42.051772302987104,-87.6718040184003
835,42.05176341816974,-87.67180544332383
836,42.05175470099044,-87.67185120851515
837,42.05175470099044,-87.67185120851515
838,42.051275633314674,-87.67790168531954
839,42.051282213108664,-87.67790243969083
840,42.05121830109698,-87.677884418599
841,42.05121830109698,-87.677884418599
842,42.05119030554039,-87.67782951713323
843,42.05116339963121,-87.67777360983908
844,42.05189023636473,-87.67175498426674
845,42.05186877869261,-87.67176219270347
846,42.05185205679578,-87.67177149661599
847,42.05181865491164,-87.67176177360831
848,42.0516552,-87.6756971
849,42.0516569,-87.675696
850,42.0516777,-87.6756992
851,42.0516754,-87.6761141
852,42.0514843,-87.676687
853,42.0512654,-87.6772018
854,42.0512378,-87.6774624
855,42.0512796,-87.6778654
856,42.0513451,-87.6779503
857,42.0515733,-87.681277
858,42.0515191,-87.6813527
859,42.0513718,-87.6812233
860,42.0514918,-87.6814033
861,42.0513705,-87.6805573
862,42.0513336,-87.6799804
863,42.0512418,-87.6792268
864,42.0513334,-87.6783444
865,42.0512821,-87.6774798
866,42.0514376,-87.6768132
867,42.0503203,-87.677513
868,42.0503158,-87.6775116
869,42.0503312,-87.6775051
870,42.0505432,-87.6774295
871,42.05096,-87.677298
872,42.051026,-87.6774702
873,42.0510265,-87.6774703
874,42.0510268,-87.6774708
875,42.051023,-87.6774826
876,42.0510724,-87.6775863
877,42.0510537,-87.6742823
878,42.0510921,-87.6742806
879,42.0511039,-87.6742905
880,42.0510691,-87.6745136
881,42.0505593,-87.6746169
882,42.0505158,-87.6749987
883,42.0507555,-87.6759085
884,42.0509931,-87.6767251
885,42.0511447,-87.6771164
886,42.0509544,-87.6772307
887,42.06074447132334,-87.6753982639481
888,42.06035674370545,-87.67511253747823
889,42.060330739048425,-87.67506713061697
890,42.06037147942114,-87.67499777537793
891,42.06026818883814,-87.6749841541842
892,42.06011258514079,-87.67489812447415
893,42.05988786400785,-87.67473729866968
894,42.05968646237386,-87.6746501928642
895,42.05950065497148,-87.67442154836901
896,42.059316981036154,-87.67435659340089
897,42.051497590556245,-87.67599517149542
898,42.05148429886255,-87.67603176950128
899,42.05147589297539,-87.67603518321243
900,42.051455612150384,-87.6760393571337
901,42.05147718941892,-87.67603411494619
902,42.051611207585516,-87.67625548947804
903,42.051766830622135,-87.67651274249866
904,42.05195020565388,-87.67676782391035
905,42.052088959438315,-87.67691894658921
906,42.05215444209785,-87.67709539371856
907,42.05830580959482,-87.67471618556745
908,42.058321510861056,-87.67467294955696
909,42.05834055619875,-87.67464557182674
910,42.05835529162577,-87.67465891537366
911,42.058377864556114,-87.67465217457385
912,42.05837696309864,-87.67464600766364
913,42.058391562264816,-87.67468565569914
914,42.0583794431098,-87.67470262720057
915,42.0583305247095,-87.67473628351387
916,42.05820235344723,-87.67467999859369
917,42.049361537494754,-87.67724027600185
918,42.04936556754572,-87.67726062948141
919,42.049372688792424,-87.67727502123404
920,42.049393515545454,-87.67727250575305
921,42.04939767468022,-87.67726079303242
922,42.049411224125194,-87.67725168466123
923,42.04940874345773,-87.67724501067565
924,42.049409358632204,-87.6772391989731
925,42.049426991376635,-87.67724813775229
926,42.049419084881656,-87.67723270737741
927,42.05939544505471,-87.67559240198177
928,42.059361558000795,-87.67561117439243
929,42.05934992719155,-87.67561567877564
930,42.05933846861342,-87.67563023263935
931,42.05931671803932,-87.67562254043548
932,42.059323929338994,-87.67562246359077
933,42.0593395048166,-87.67563903924159
934,42.05935105498348,-87.67565163784711
935,42.059323142839155,-87.6756295793833
936,42.05923236691403,-87.67560640024126
937,42.051305828997144,-87.67886999572431
938,42.05130709116922,-87.67888131659008
939,42.051316102571526,-87.67888507125545
940,42.0513104755991,-87.67889007261311
941,42.051291296524134,-87.6788845799049
942,42.051307397201846,-87.67890997131806
943,42.05131300399866,-87.67891147792511
944,42.05132635892975,-87.67891268604171
945,42.05133062127288,-87.67890812847028
946,42.05130346865379,-87.67878420127326
947,42.059482406506895,-87.67570349887013
948,42.05948625103673,-87.6757039660675
949,42.05947278809337,-87.67566531320418
950,42.05946408620917,-87.67571005886776
951,42.05945778875693,-87.67569612779944
952,42.059452826146746,-87.67569621485849
953,42.059439666876735,-87.6757015452054
954,42.05942235128553,-87.67570068170312
955,42.05941363531737,-87.67568493922099
956,42.05942160017744,-87.67566231294973
957,42.051281496513745,-87.67799866720894
958,42.0512468641267,-87.67808522395894
959,42.05124559706771,-87.6780854309323
960,42.0512167711787,-87.67808814620413
961,42.05114655577104,-87.67797534234259
962,42.051099774555446,-87.67791869673104
963,42.051135099615045,-87.67770084180954
964,42.05116407079814,-87.67746468907688
965,42.05122404007236,-87.67718083527762
966,42.05143674062229,-87.67710209082006
967,42.05273764501722,-87.6717998132294
968,42.05273624811026,-87.67181681290378
969,42.052727674119915,-87.6718096940102
970,42.052720413967755,-87.67179848345675
971,42.05271129414445,-87.67176725625235
972,42.052715281811565,-87.67176498240576
973,42.052727664027834,-87.67177091812098
974,42.052708591193706,-87.6717729196793
975,42.05136723338056,-87.67804741484942
976,42.05136723338056,-87.67804741484942
977,42.05077687041921,-87.67810738754459
978,42.05075912486837,-87.67809891101648
979,42.05073746898085,-87.67807669852132
980,42.050726471074306,-87.67803502454291
981,42.0507329525558,-87.67805354831397
982,42.05075135137458,-87.67805627594694
983,42.05073044243441,-87.677992441208
984,42.05071921215653,-87.67786722596598
985,42.05069097694812,-87.67772295311778
986,42.05075712598279,-87.67766437953563
987,42.0545113413055,-87.67657348894298
988,42.054507653268104,-87.67656317920208
989,42.0545113413055,-87.67657348894298
990,42.0545113413055,-87.67657348894298
991,42.05454118088079,-87.67658270903647
992,42.054578061254745,-87.67662822277069
993,42.05458095301134,-87.67683207065582
994,42.0544518717025,-87.67699250028252
995,42.05432710707379,-87.67707657077133
996,42.05411684703273,-87.67709584914863
997,42.06137373116059,-87.67727823936164
998,42.061359859110844,-87.67727698207617
999,42.061359859110844,-87.67727698207617
1000,42.06133995209081,-87.67728243031323
1001,42.06133995209081,-87.67728243031323
1002,42.061010710934234,-87.67728628598869
1003,42.061176211612356,-87.67727765262842
1004,42.06079642757965,-87.6772754733336
1005,42.060633106196356,-87.67728150830388
1006,42.06060037486447,-87.67716483221173
1007,42.05338860394175,-87.6746638122992
1008,42.053394514065836,-87.67466674275249
1009,42.053375581721035,-87.67465220129668
1010,42.053339568486564,-87.67470286430265
1011,42.05332179919733,-87.6746752506482
1012,42.053349010527114,-87.67465161524527
1013,42.05335788237327,-87.67469372277316
1014,42.05340032561101,-87.67472322035778
1015,42.053448236075695,-87.67471599190655
1016,42.053553375667875,-87.67470006333126
1017,42.05918801763069,-87.67650530588742
1018,42.05921964902065,-87.67652019719934
1019,42.05921176715003,-87.67654017234688
1020,42.05920808710998,-87.67653284283121
1021,42.059227670889584,-87.67652548943418
1022,42.05926308310982,-87.67651736612318
1023,42.05927666032743,-87.67645542142145
1024,42.05937132498272,-87.67628629606082
1025,42.05938209615848,-87.6760527362739
1026,42.059355322778046,-87.67574001600305
1027,42.05395101107848,-87.67809681602537
1028,42.05396488312823,-87.678058846004
1029,42.05398655034793,-87.67803118572354
1030,42.054003691339915,-87.67802339055359
1031,42.05399065748048,-87.677995394997
1032,42.05397037327481,-87.6778793894571
1033,42.05393420536262,-87.67774553046345
1034,42.0539241051693,-87.67759834424376
1035,42.05390973020536,-87.67746062957465
1036,42.053858810143595,-87.6773288660568
1037,42.059253109658194,-87.67657164492428
1038,42.059217193203104,-87.67657860190391
1039,42.059148796873224,-87.67656762161076
1040,42.0591360563804,-87.67654431991994
1041,42.05910705499543,-87.67658547506451
1042,42.059096787164044,-87.67666284003079
1043,42.059217570388746,-87.67617962331295
1044,42.05920327924384,-87.67659603626251
1045,42.05930717293365,-87.67634390861511
1046,42.05917612187756,-87.67596739352464
1047,42.059091992020704,-87.67630310939337
1048,42.057098424853045,-87.67400316794506
1049,42.0571876931116,-87.67407265027678
1050,42.057117058145,-87.67417324176107
1051,42.05707661719519,-87.67426185678636
1052,42.05699221527379,-87.67433101856622
1053,42.05700081391562,-87.674382216728
1054,42.056991842095556,-87.67440924731967
1055,42.05703452304982,-87.67456503728944
1056,42.05713285122289,-87.67470989034305
1057,42.0521217,-87.675681
1058,42.0521291,-87.6756617
1059,42.0520886,-87.675705
1060,42.0572703,-87.6739133
1061,42.0587821,-87.6758915
1062,42.0587122,-87.6758759
1063,42.0587153,-87.6758773
1064,42.0519365,-87.6758117
1065,42.0519413,-87.6757765
1066,42.0519282,-87.675795
1067,42.05918396465931,-87.67649259437904
1068,42.059194194404235,-87.6764883835943
1069,42.05916157911251,-87.67651378102151
1070,42.05917730031039,-87.67652831265492
1071,42.05913773355131,-87.67653275430575
1072,42.0591228621488,-87.67658911508943
1073,42.05910090857892,-87.67664679668694
1074,42.05884291558139,-87.67667844712578
1075,42.058791200482354,-87.6766941793299
1076,42.05877407685341,-87.67680098051909
1077,42.05188739684375,-87.67547588349933
1078,42.05184314072735,-87.67548108864538
1079,42.05184468637331,-87.67550489679456
1080,42.05185696345671,-87.67552730344723
1081,42.05187752832355,-87.67550695955326
1082,42.05350772656547,-87.6750602026269
1083,42.05349020055258,-87.67480724181198
1084,42.05364861386304,-87.67468322551095
1085,42.054393864358666,-87.67475055981774
1086,42.05388775655953,-87.67467454831494
1087,42.05920386586761,-87.67370519228646
1088,42.05917141505638,-87.6737023151563
1089,42.05917479521696,-87.67369767648563
1090,42.059154695052484,-87.67368279538003
1091,42.05910516909033,-87.67369629007437
1092,42.059106224067435,-87.673846171834
1093,42.05910396994092,-87.67410662047253
1094,42.05909985468557,-87.67436154045079
1095,42.05910180492192,-87.67460514943805
1096,42.05903523471709,-87.67467038733918
1097,42.0533177,-87.6787177
1098,42.0533905,-87.6786787
1099,42.0533858,-87.678671
1100,42.0534381,-87.678565
1101,42.0533272,-87.6782309
1102,42.0535507,-87.6781429
1103,42.0538439,-87.6774404
1104,42.0540568,-87.6773957
1105,42.0547342,-87.6773911
1106,42.0554887,-87.6773615
1107,42.0587556,-87.6759487
1108,42.0586658,-87.6759145
1109,42.0586482,-87.6759002
1110,42.0585809,-87.6759483
1111,42.0586772,-87.6766878
1112,42.0582023,-87.6769948
1113,42.0572856,-87.676933
1114,42.0549899,-87.6770506
1115,42.054156,-87.6770474
1116,42.0536663,-87.6773993
1117,42.05330522734863,-87.67800662674725
1118,42.05330522734863,-87.67800662674725
1119,42.05332098532659,-87.67797720626712
1120,42.053325721101885,-87.67796756707847
1121,42.053325721101885,-87.67796756707847
1122,42.053345041388695,-87.67789481215894
1123,42.05334801696432,-87.67788684935093
1124,42.05332878049654,-87.67782297924876
1125,42.05338535834295,-87.67753816217899
1126,42.05341543654045,-87.67735310248705
1127,42.050593316238015,-87.67859319740023
1128,42.05056529774833,-87.67855230197354
1129,42.050527604319285,-87.67853849951425
1130,42.05061738850951,-87.67857289255385
1131,42.050627204353454,-87.67857024150507
1132,42.0506594081561,-87.67852155015828
1133,42.050793067239695,-87.67845183348818
1134,42.05098410084943,-87.67834460279256
1135,42.05117661459403,-87.67833486916379
1136,42.05131168248774,-87.67818896650871
1137,42.058492493854885,-87.67415430404961
1138,42.058492493854885,-87.67415430404961
1139,42.058492493854885,-87.67415430404961
1140,42.058492493854885,-87.67415430404961
1141,42.058473173568075,-87.67416578725695
1142,42.058454859109645,-87.67418305397749
1143,42.058444423640196,-87.67421473757148
1144,42.058454859109645,-87.67418305397749
1145,42.05856277611298,-87.67437382609367
1146,42.058451506348376,-87.67419026241421
1147,42.060365583855365,-87.6754372604181
1148,42.06036920354665,-87.67547408833951
1149,42.060364443023886,-87.6754994356081
1150,42.06035944173921,-87.67554129357295
1151,42.06034210923111,-87.67554472537728
1152,42.06034788275447,-87.6755614555622
1153,42.060340154728195,-87.6755608316811
1154,42.06029040766835,-87.67556378249519
1155,42.06021606202692,-87.67557855397031
1156,42.06017452294948,-87.67554977625126
1157,42.05847707115305,-87.6769364253503
1158,42.05847593959612,-87.67696391799271
1159,42.05847593959612,-87.67696391799271
1160,42.05847593959612,-87.67696391799271
1161,42.05847593959612,-87.67696391799271
1162,42.05847593959612,-87.67696391799271
1163,42.05847593959612,-87.67696391799271
1164,42.05848675225121,-87.67693659298837
1165,42.05848675225121,-87.67693659298837
1166,42.05848675225121,-87.67693659298837
1167,42.0533125,-87.6786551
1168,42.0534113,-87.678696
1169,42.0534418,-87.6786095
1170,42.0533393,-87.6785551
1171,42.0532698,-87.6778526
1172,42.0534125,-87.6773615
1173,42.0541962,-87.6773326
1174,42.0549538,-87.6773708
1175,42.0558456,-87.6773006
1176,42.0566727,-87.6772813
1177,42.05922986656698,-87.67373544415867
1178,42.059224246609766,-87.67372863439735
1179,42.0592010127829,-87.67369896329852
1180,42.05919307421839,-87.67369615619886
1181,42.05917303994166,-87.67370089217766
1182,42.05911222730373,-87.67368643400144
1183,42.05914519372155,-87.67367553840954
1184,42.059168156797014,-87.67366850016178
1185,42.05921291266856,-87.67367995974523
1186,42.05919251579476,-87.6737033655498
1187,42.051618914159064,-87.6796738711071
1188,42.05164871182484,-87.67963171013415
1189,42.05164871182484,-87.67963171013415
1190,42.05164871182484,-87.67963171013415
1191,42.05164871182484,-87.67963171013415
1192,42.051648250820165,-87.67962500461161
1193,42.05166405070764,-87.67955551863432
1194,42.052008127832835,-87.67956063159525
1195,42.0518330717851,-87.67956716947972
1196,42.05207229130161,-87.67807636418163
1197,42.051084887066715,-87.67420613697746
1198,42.05109405504424,-87.67423664398294
1199,42.05112388249024,-87.67458237642916
1200,42.051089270330316,-87.67456713551873
1201,42.051087759233404,-87.67458420589153
1202,42.051120280197686,-87.67469879467951
1203,42.051216595005044,-87.67502357067471
1204,42.051325290581104,-87.67543080186428
1205,42.05153551771063,-87.67585670049705
1206,42.05166294125717,-87.676135509723
1207,42.06079497527165,-87.67521753405367
1208,42.060773895632366,-87.6751824265354
1209,42.060744953092716,-87.67512132672073
1210,42.060720372962884,-87.6750833023127
1211,42.06070359652613,-87.6750604313342
1212,42.060664641378956,-87.67503025109556
1213,42.060414552677926,-87.67469594023633
1214,42.06030417947167,-87.67477072002627
1215,42.060278787727476,-87.67478042110727
1216,42.06014504675802,-87.67479162877416
1217,42.05327450547292,-87.67861368290988
1218,42.05327931264702,-87.67858928257638
1219,42.053280413852754,-87.67859443586651
1220,42.05328003668815,-87.67859350868859
1221,42.05328180809072,-87.67859253226104
1222,42.05328746319155,-87.67858498648239
1223,42.0532884804235,-87.6785830997851
1224,42.053286871902166,-87.67858029902459
1225,42.05329823218608,-87.67857164747633
1226,42.053300137367835,-87.67857132874873
1227,42.06008728892434,-87.67554007243334
1228,42.06008513976896,-87.67554253647205
1229,42.06011121920241,-87.6755582970614
1230,42.060107420963234,-87.67553541671626
1231,42.060111967124286,-87.6755584466123
1232,42.060124183309135,-87.67556247612592
1233,42.06011137249462,-87.67555832936037
1234,42.06013560272311,-87.67556443873457
1235,42.060114854252085,-87.67551845484586
1236,42.06012160198692,-87.67555991858383
1237,42.06087033107986,-87.67599103376463
1238,42.06088997256271,-87.67599922141761
1239,42.060901173574926,-87.67600939015703
1240,42.06088559127606,-87.67601138457643
1241,42.06083695266579,-87.67598958315254
1242,42.06063678747087,-87.67597955909457
1243,42.06078335179916,-87.67596303168507
1244,42.06038929908997,-87.67599643384155
1245,42.0602293110197,-87.67599744848272
1246,42.060129413018096,-87.67597961366687
1247,42.05121922310633,-87.67432638452172
1248,42.05118196554673,-87.67426578336179
1249,42.05116168134106,-87.67429319218516
1250,42.051140265578454,-87.67434222631871
1251,42.05110149927628,-87.67431993045628
1252,42.051088465416846,-87.67431649387598
1253,42.05119147900683,-87.6742460020703
1254,42.05130773600382,-87.67412144698918
1255,42.05130174294305,-87.67392111950338
1256,42.051362637469595,-87.67383151695847
1257,42.052904113049756,-87.673130257251
1258,42.05291554706102,-87.67313029902947
1259,42.052932374098475,-87.67318305079377
1260,42.05294659461635,-87.6732479700302
1261,42.05298137321034,-87.67327301563442
1262,42.053002371910104,-87.67329120163112
1263,42.05300907339864,-87.67329012413153
1264,42.052961982824314,-87.67326895493525
1265,42.05277806956358,-87.67339914714296
1266,42.052895783313915,-87.67330299416128
1267,42.04950969204497,-87.67502711162686
1268,42.04951991796684,-87.67504119322419
1269,42.04952469565165,-87.67505016186058
1270,42.04951627183896,-87.67505552627861
1271,42.04952733595115,-87.67513046049297
1272,42.04960907013586,-87.67525708845326
1273,42.04977793319054,-87.67517238558358
1274,42.04998887734873,-87.67505846864307
1275,42.050203957731256,-87.67494231800234
1276,42.05033842203212,-87.67475483088148
1277,42.055878262074714,-87.67444674865126
1278,42.055878262074714,-87.67444674865126
1279,42.05556468523512,-87.67445344451622
1280,42.055563903099696,-87.6743891845089
1281,42.05578086881752,-87.67415235786743
1282,42.05565912329347,-87.67415384156303
1283,42.05553432683292,-87.67415609545654
1284,42.055304251267614,-87.67416557576323
1285,42.0550249779178,-87.67416869533716
1286,42.054761987474826,-87.67416716699361
1287,42.049508853854654,-87.67503867865324
1288,42.04951338008237,-87.67506390818178
1289,42.04951338008237,-87.67506390818178
1290,42.04952046279055,-87.67507203862786
1291,42.049548206890044,-87.67513037667393
1292,42.049630768636284,-87.67524688512802
1293,42.04982183411908,-87.67517689623654
1294,42.0500557730366,-87.67509014353871
1295,42.05024348575812,-87.67498428010165
1296,42.050360329488335,-87.67477406197011
1297,42.05073749717308,-87.6781760111902
1298,42.050754014198795,-87.67816320285922
1299,42.05075203770739,-87.6781429337386
1300,42.05078516335956,-87.67811208410004
1301,42.050792846030745,-87.67807129549313
1302,42.050767907544696,-87.6780041999906
1303,42.05073948402548,-87.67793230112726
1304,42.050713907858956,-87.6778041187397
1305,42.05068747716917,-87.67772545907006
1306,42.05075973050526,-87.67767607916478
1307,42.050960324093865,-87.67470473525424
1308,42.05101442593184,-87.6747711571452
1309,42.05111053449034,-87.6748603533327
1310,42.0510491324024,-87.67466423064357
1311,42.05104745662474,-87.6746822358193
1312,42.05105414645963,-87.67454242994782
1313,42.0512618529519,-87.67532269112817
1314,42.05103296300319,-87.67456630080345
1315,42.05120874266419,-87.67503787980232
1316,42.051437343273044,-87.67590030984269
1317,42.06140340309782,-87.67581819564819
1318,42.061388064215016,-87.67583621674001
1319,42.061388064215016,-87.67583621674001
1320,42.06138789657695,-87.67583378598809
1321,42.06139401536627,-87.67583177433133
1322,42.06140906088246,-87.67585105270862
1323,42.06140906088246,-87.67585105270862
1324,42.06140906088246,-87.67585105270862
1325,42.06140906088246,-87.67585105270862
1326,42.06138944722904,-87.67593311154067
1327,42.05199211839778,-87.68040343195915
1328,42.05196990635437,-87.68040820964396
1329,42.05196990635437,-87.68040820964396
1330,42.0519755222295,-87.68041156240523
1331,42.0519755222295,-87.68041156240523
1332,42.05199593216372,-87.6803990733695
1333,42.05200443979544,-87.68024073921859
1334,42.052013198884254,-87.6800018549782
1335,42.052034530827825,-87.67983203761995
1336,42.052094335706954,-87.67959843397855
1337,42.0535241,-87.6774929
1338,42.0535369,-87.6774837
1339,42.0535053,-87.677408
1340,42.0532168,-87.6773962
1341,42.0528984,-87.6773956
1342,42.0524606,-87.6773824
1343,42.052121,-87.6773877
1344,42.0520148,-87.6773629
1345,42.0520776,-87.6776798
1346,42.052087,-87.6780977
1347,42.0507425,-87.6780453
1348,42.050743,-87.6780337
1349,42.0507169,-87.6780328
1350,42.0506642,-87.6779258
1351,42.0506476,-87.6777097
1352,42.0509176,-87.6776009
1353,42.051322,-87.6775403
1354,42.0516702,-87.6774812
1355,42.051957,-87.6774734
1356,42.052219,-87.6774738
1357,42.05892826900078,-87.67546213240146
1358,42.05891816880746,-87.67544905663252
1359,42.05890551213367,-87.67542324037075
1360,42.05888438973768,-87.67541552901983
1361,42.0588426897694,-87.67541192480147
1362,42.0588426897694,-87.67541192480147
1363,42.05883770253701,-87.67541150570631
1364,42.058831206562054,-87.67540153124153
1365,42.05882202837808,-87.67539071858644
1366,42.05881008416606,-87.67541024842083
1367,42.05156472515506,-87.67967370346904
1368,42.05156988002551,-87.67970186666369
1369,42.05156988002551,-87.67970186666369
1370,42.05153115563286,-87.6797082369101
1371,42.051530568899636,-87.67971645117521
1372,42.05152415674371,-87.67973396935284
1373,42.0516232308392,-87.67962777063966
1374,42.05153505321783,-87.67963799656152
1375,42.05153505321783,-87.67963799656152
1376,42.05153505321783,-87.67963799656152
1377,42.05943688288523,-87.67555978157341
1378,42.059455658348334,-87.67563446433067
1379,42.05947208687855,-87.67563991256773
1380,42.05944912046386,-87.6756382361871
1381,42.05944912046386,-87.6756382361871
1382,42.05944509715034,-87.67562817790329
1383,42.05944509715034,-87.67562817790329
1384,42.05939095005585,-87.67559213571965
1385,42.05923789650394,-87.67562842936039
1386,42.05907981381012,-87.67574166887223
1387,42.053693,-87.6727507
1388,42.0536958,-87.6727498
1389,42.0536932,-87.6727581
1390,42.0536874,-87.6727609
1391,42.0536925,-87.672812
1392,42.0536916,-87.6728034
1393,42.053709,-87.6727757
1394,42.0537387,-87.6727797
1395,42.0538075,-87.6731829
1396,42.0538738,-87.6733565
1397,42.0507344,-87.6780891
1398,42.0507306,-87.6780646
1399,42.050734,-87.6780458
1400,42.0507447,-87.6780635
1401,42.0506994,-87.6778759
1402,42.0507068,-87.6776494
1403,42.0509788,-87.6775163
1404,42.0512684,-87.6773032
1405,42.0514363,-87.6767394
1406,42.0514603,-87.6766301
1407,42.05236773138311,-87.67316016802818
1408,42.05237772507294,-87.67317903317903
1409,42.05240460563297,-87.67316310249481
1410,42.05239253763188,-87.67309964760574
1411,42.05242500838758,-87.67306786766002
1412,42.05245182588459,-87.67305546928641
1413,42.0524483385979,-87.6729947055989
1414,42.05245007859765,-87.67295141296094
1415,42.05244729916224,-87.67301352510168
1416,42.05242136894607,-87.67321625530224
1417,42.05070400444159,-87.67805286279112
1418,42.05068756942426,-87.6779827509719
1419,42.050687051755496,-87.67797910098122
1420,42.05068714992099,-87.67797560405779
1421,42.05068657191532,-87.67797132871523
1422,42.050691334164355,-87.67797442549217
1423,42.050667071624254,-87.6779282886317
1424,42.05062667354943,-87.67784905163388
1425,42.050613127318634,-87.67773702055273
1426,42.0506679360113,-87.67768485778916
1427,42.0586468,-87.6759164
1428,42.0587314,-87.6760833
1429,42.0586692,-87.6763749
1430,42.0586607,-87.675912
1431,42.0586476,-87.6767582
1432,42.0584553,-87.6770736
1433,42.0579539,-87.6771024
1434,42.0575201,-87.6770292
1435,42.0570801,-87.6770881
1436,42.0565611,-87.6770986
1437,42.05099661785473,-87.67437688965013
1438,42.05099658232103,-87.6743767368795
1439,42.050996762558874,-87.67437884267164
1440,42.05099259613489,-87.6743847028457
1441,42.051026010650695,-87.6743627248857
1442,42.051058674679595,-87.67444837883221
1443,42.051155681986685,-87.6749956305635
1444,42.05112400912835,-87.67472265194516
1445,42.05123262212787,-87.67532060109185
1446,42.05132058521974,-87.67559069012364
1447,42.05923419917341,-87.67649420836096
1448,42.05919524299896,-87.67651002160984
1449,42.05918023041282,-87.6765334968857
1450,42.059150102757826,-87.67651307659224
1451,42.059123709819026,-87.67650969256897
1452,42.059020537384065,-87.67656862323604
1453,42.05909995626269,-87.67651703852853
1454,42.058845340419644,-87.67661960813118
1455,42.05895642375324,-87.67659960143908
1456,42.0587956784397,-87.67679159890803
1457,42.0592950372497,-87.67376977282657
1458,42.0592950372497,-87.67376977282657
1459,42.0592950372497,-87.67376977282657
1460,42.059299731303376,-87.67377065292123
1461,42.059299731303376,-87.67377065292123
1462,42.059299731303376,-87.67377065292123
1463,42.059324863976535,-87.67377419254012
1464,42.05930027713786,-87.67377568676554
1465,42.059321191225756,-87.67377044966842
1466,42.05553845972014,-87.68315521077037
1467,42.05897498024984,-87.67653020910943
1468,42.0589836455563,-87.67656772471776
1469,42.05895520591018,-87.67652768105198
1470,42.05898036133728,-87.67664773785238
1471,42.0554740619629,-87.68327930797932
1472,42.05913271478264,-87.67368338472201
1473,42.05913249844159,-87.67366253997122
1474,42.05913237738025,-87.67365087554808
1475,42.05913385117442,-87.6737928775967
1476,42.05913245711633,-87.67365855822626
1477,42.059273519592416,-87.67396889635145
1478,42.05909477550728,-87.67442688354075
1479,42.05901489597006,-87.6748279576075
1480,42.059077760243845,-87.6750853658539
1481,42.05909712244017,-87.67524277799546
1482,42.05111293395775,-87.67412684681774
1483,42.05114362909827,-87.67412630440047
1484,42.05113151362034,-87.6741018043842
1485,42.05114008397788,-87.67411626466517
1486,42.05113970725032,-87.67410876075182
1487,42.05115464367655,-87.67412055736033
1488,42.051176304474744,-87.67415561542298
1489,42.05116514704655,-87.67414275926434
1490,42.05116910334192,-87.67412547202768
1491,42.05117367991292,-87.67412844821185
1492,42.057173089789515,-87.67398553175254
1493,42.057187137581856,-87.67398555292927
1494,42.05721464619601,-87.6740065167794
1495,42.05724306591718,-87.6740749740163
1496,42.05724657556159,-87.67413871949783
1497,42.057217416400384,-87.67423227331555
1498,42.05717843108224,-87.67428915577018
1499,42.05714739439052,-87.67432834611176
1500,42.05709966841101,-87.67433189017768
1501,42.057011436873566,-87.67433682062664
1502,42.05953478758684,-87.67645203269973
1503,42.05955861955529,-87.67645190137496
1504,42.0595712195508,-87.67642860244605
1505,42.05954775334921,-87.67632164883241
1506,42.05957405759351,-87.6763447811484
1507,42.05957202196382,-87.6762228812651
1508,42.05950700105876,-87.67588248575555
1509,42.05930650277755,-87.6754634877612
1510,42.059110006369444,-87.67511931482585
1511,42.0589182474998,-87.67488648635847
1512,42.0595703823107,-87.67655531673834
1513,42.05323820506055,-87.6742306455882
1514,42.05323820506055,-87.6742306455882
1515,42.05321345371224,-87.67428714008824
1516,42.05319929033802,-87.67432369106733
1517,42.053227666031475,-87.67425292154695
1518,42.05324429185497,-87.67424045354319
1519,42.053239475591425,-87.67424229092157
1520,42.053239475591425,-87.67424229092157
1521,42.05323871171407,-87.67424343338412
1522,42.05331289679003,-87.67824836083471
1523,42.05331289679003,-87.67824836083471
1524,42.053308119105225,-87.67824023038864
1525,42.053308119105225,-87.67824023038864
1526,42.053295252883856,-87.6782303397429
1527,42.05326616767985,-87.67817057677328
1528,42.053249739149635,-87.67809421763539
1529,42.05320493787718,-87.67791358762204
1530,42.053233352528935,-87.67769406557798
1531,42.05321306832326,-87.67745979138434
1532,42.059057928393976,-87.67361112340248
1533,42.05903194918626,-87.67361184591408
1534,42.05902105960676,-87.6736423505541
1535,42.05906378737983,-87.67368963492261
1536,42.0590958372315,-87.67372089484667
1537,42.05914026144176,-87.67373818515557
1538,42.05916306311604,-87.67372808366457
1539,42.059197727663054,-87.6737171015509
1540,42.05917631393934,-87.67367148668974
1541,42.059164855119555,-87.67366935767713
1542,42.04952809367773,-87.67504429067286
1543,42.04952827231001,-87.6750462566283
1544,42.04952787669189,-87.67504934946099
1545,42.04952820125507,-87.6750625958662
1546,42.049529988803776,-87.67505433016095
1547,42.049529512626,-87.67505519487216
1548,42.04953430220602,-87.67507795928573
1549,42.049530023370856,-87.67507750585949
1550,42.04953363745062,-87.67509033123841
1551,42.04951473741073,-87.67513840787944
1552,42.05076857105258,-87.67833830213247
1553,42.05077647016488,-87.67831220521772
1554,42.05075292118043,-87.67826873617022
1555,42.0507620649665,-87.67825333920925
1556,42.05076898844486,-87.67818703275094
1557,42.05074029833767,-87.67805275531148
1558,42.050730628911204,-87.67797093008296
1559,42.050690195141115,-87.67781812893887
1560,42.050668847524975,-87.67771540329113
1561,42.05079853807779,-87.6776467051516
1562,42.059171553740335,-87.67365365297317
1563,42.059171553740335,-87.67365365297317
1564,42.05916895535035,-87.67364191830873
1565,42.05916627314134,-87.67363764353811
1566,42.05917431976838,-87.67361484476149
1567,42.05917364921613,-87.67365591608703
1568,42.059112251775396,-87.67372515060723
1569,42.059051860163045,-87.67371324830472
1570,42.05900756180478,-87.673769490875
1571,42.058993186840844,-87.67383411534846
1572,42.050603153223214,-87.67870785676658
1573,42.05062113240552,-87.67871120952785
1574,42.05060696698916,-87.67868983567476
1575,42.05060696698916,-87.67868983567476
1576,42.05060776326996,-87.67867089257359
1577,42.05057029616278,-87.67867030584037
1578,42.05059539996278,-87.67866184011817
1579,42.050687014164446,-87.67862814486742
1580,42.050686511250255,-87.67855631195724
1581,42.050676704423545,-87.67846729614556
1582,42.05138262830866,-87.67788173638999
1583,42.05136720560682,-87.6778812334758
1584,42.05136624168796,-87.6779092290324
1585,42.051370306911,-87.67791191124141
1586,42.051350190343385,-87.67791962259233
1587,42.05133149869931,-87.67792473555326
1588,42.05135882370365,-87.67793529675126
1589,42.051375671329026,-87.67795499422371
1590,42.051375671329026,-87.67795499422371
1591,42.05137039073003,-87.67795700588047
1592,42.05914642792848,-87.67701558877218
1593,42.0591495152112,-87.67701561941807
1594,42.059164531108074,-87.6770157684957
1595,42.05919052841514,-87.67701602659704
1596,42.059130095216126,-87.67701542662766
1597,42.05895935330918,-87.6770137315262
1598,42.05855364414506,-87.67669719515574
1599,42.058555073486275,-87.67690727609866
1600,42.0586719364785,-87.6771197062244
1601,42.058442592043534,-87.67713552405024
1602,42.05914083510111,-87.67650135179818
1603,42.05917534034704,-87.67647956646759
1604,42.05924003976667,-87.6764950202502
1605,42.05923082612593,-87.67650818638793
1606,42.05922208377694,-87.6765269476662
1607,42.05923808809615,-87.67651048850867
1608,42.059229986499126,-87.67652895967255
1609,42.05916642675764,-87.6765525514705
1610,42.059045745293155,-87.67654837085571
1611,42.058938924800074,-87.67656860880894
1612,42.05068344548463,-87.67806570833059
1613,42.05069674295791,-87.67809336173842
1614,42.050699517386526,-87.67808358102309
1615,42.050715299842274,-87.67807570545088
1616,42.050745924245696,-87.67808149740324
1617,42.05074583232642,-87.67805867960439
1618,42.05073175151029,-87.67793882494789
1619,42.050671600264884,-87.67781637454449
1620,42.05114751753346,-87.67742012206845
1621,42.05077912745124,-87.67774176083299
1622,42.05918142144491,-87.6764888373043
1623,42.05916535534801,-87.67648735307885
1624,42.05914833738308,-87.6765262658253
1625,42.05913727180774,-87.676532754593
1626,42.0591364278806,-87.67656439463445
1627,42.059067708010794,-87.67657792861408
1628,42.0590733061693,-87.6765442507062
1629,42.058916903686494,-87.67652664459021
1630,42.059036914374325,-87.67651577686098
1631,42.05883787658845,-87.67654831133127
1632,42.05371744934661,-87.67584401190996
1633,42.0537324948628,-87.67584074296772
1634,42.05373299777699,-87.67585214235604
1635,42.053711917290514,-87.67587242656171
1636,42.05363811463309,-87.67587888062715
1637,42.05363509714795,-87.67612094999075
1638,42.05358975105179,-87.67628557056904
1639,42.05354239329887,-87.67641850755334
1640,42.05360207244945,-87.67654582866251
1641,42.053700266445105,-87.67665110536635
1642,42.05567001369042,-87.68326434314966
1643,42.05564092848641,-87.68326702535867
1644,42.05563070256454,-87.68325713471293
1645,42.05563070256454,-87.68325713471293
1646,42.05563070256454,-87.68325713471293
1647,42.05563070256454,-87.68325713471293
1648,42.05560455102665,-87.6832602360171
1649,42.05558518883032,-87.68325570978939
1650,42.05557609446538,-87.68327909529924
1651,42.055572196880405,-87.68327943057537
1652,42.0591698773597,-87.6756292675507
1653,42.05917079936905,-87.67562851317942
1654,42.05916048962815,-87.67561376102984
1655,42.0591622079183,-87.67559138134837
1656,42.0591622079183,-87.67559138134837
1657,42.0591622079183,-87.67559138134837
1658,42.0591492578779,-87.67556070358276
1659,42.05911573026521,-87.67550772995472
1660,42.05906644467456,-87.67531695783853
1661,42.05903346188558,-87.67512626954138
1662,42.05109512902987,-87.67436636619985
1663,42.051091021897314,-87.67435597263992
1664,42.051096763500986,-87.67435236842155
1665,42.051089094059584,-87.67434381888032
1666,42.05108481928897,-87.6743496023935
1667,42.05108481928897,-87.6743496023935
1668,42.05108481928897,-87.6743496023935
1669,42.05108481928897,-87.6743496023935
1670,42.05108481928897,-87.6743496023935
1671,42.05108481928897,-87.6743496023935
1672,42.06117759462638,-87.67607602298975
1673,42.06117759462638,-87.67607602298975
1674,42.06117759462638,-87.67607602298975
1675,42.06117759462638,-87.67607602298975
1676,42.06110907256795,-87.67600712374568
1677,42.061036611015034,-87.67598851592064
1678,42.0608692244087,-87.6759865880829
1679,42.06071977507515,-87.67592783094167
1680,42.06058872401906,-87.67597870909393
1681,42.059901617506576,-87.6759834029597
1682,42.051120526196485,-87.67426419080019
1683,42.051175469571774,-87.67431666151404
1684,42.0511610107888,-87.67433191657781
1685,42.05116335772169,-87.674337700091
1686,42.05119613096309,-87.67432521105528
1687,42.05111318417963,-87.673553150353
1688,42.0512607209259,-87.67353236887661
1689,42.05151266842245,-87.67355839238056
1690,42.05171121264944,-87.6735699281883
1691,42.05202459827257,-87.67371735543728
1692,42.05323766920907,-87.67328518450975
1693,42.05323766920907,-87.67328518450975
1694,42.05321809746516,-87.67331007876217
1695,42.05321072139037,-87.67329951756417
1696,42.05319353848887,-87.67327629969239
1697,42.05312908165348,-87.6732411795181
1698,42.05299463592661,-87.6732345578146
1699,42.05287636727286,-87.67323740766167
1700,42.05274845943046,-87.67332675874948
1701,42.05262394625885,-87.67351862051308
1702,42.058170543127396,-87.677017763919
1703,42.05819641102179,-87.67701695988708
1704,42.058205904654606,-87.67701666481028
1705,42.0581951036958,-87.67700332757718
1706,42.05822960252248,-87.67701592823065
1707,42.058232425119854,-87.6770094826102
1708,42.0583428624634,-87.67703719542553
1709,42.05855599155601,-87.67704221165721
1710,42.0585557851484,-87.67701187439039
1711,42.058556007075275,-87.67704449263928
1712,42.05359708521706,-87.6749075018686
1713,42.053576214278166,-87.67496122986793
1714,42.05357344825012,-87.6749629900676
1715,42.05357424453092,-87.67499215909064
1716,42.05361058008117,-87.6750975196135
1717,42.05376820177031,-87.6752188057524
1718,42.054112236985986,-87.67565265306055
1719,42.05449294302804,-87.6756620407921
1720,42.05474213700933,-87.67563723035872
1721,42.05490382392151,-87.67573798083484
1722,42.0594726852306,-87.67653876488164
1723,42.05946815082176,-87.67653036528372
1724,42.05946924359706,-87.67654493226999
1725,42.059432523910594,-87.67658589189914
1726,42.0594159084451,-87.67659651861631
1727,42.059300000832195,-87.67645266323481
1728,42.05902854691981,-87.67644840490583
1729,42.05894845360137,-87.67653880750362
1730,42.05879237364546,-87.67652959125942
1731,42.05868258271342,-87.6766627009146
1732,42.056529476525846,-87.67478536053287
1733,42.056538813267395,-87.67466602315045
1734,42.05659862470048,-87.67467974058921
1735,42.05665200261105,-87.67470924474286
1736,42.056725453907184,-87.67473550234166
1737,42.05680445986742,-87.67477707277376
1738,42.056949731623696,-87.67473303035268
1739,42.057106190390876,-87.67474756464392
1740,42.05726038610401,-87.67468009049509
1741,42.05736106447921,-87.67463312353287
1742,42.05336156204677,-87.67336194779507
1743,42.05337092201226,-87.67334625925018
1744,42.05336487700135,-87.6733471762402
1745,42.05336600044564,-87.67334817515058
1746,42.05336598093454,-87.67333154557537
1747,42.0534121547574,-87.67325485645576
1748,42.053424443898464,-87.67321566686421
1749,42.05342532549623,-87.67314829226225
1750,42.053570627557775,-87.67314948845654
1751,42.053830923988755,-87.6732873584306
1752,42.05911892147662,-87.67554505243443
1753,42.05912249152651,-87.67559464385451
1754,42.059127956431276,-87.67565120597118
1755,42.05912827468031,-87.67563999755555
1756,42.05913273477716,-87.6756439786805
1757,42.05905782001984,-87.67540728351256
1758,42.059038585479435,-87.67524661787677
1759,42.05893151111052,-87.67509937317658
1760,42.05875518479831,-87.67501513989984
1761,42.05855194770172,-87.67494609877797
1762,42.05929360324131,-87.67570651633754
1763,42.059305312663284,-87.67572844367145
1764,42.05933083054625,-87.67572111117049
1765,42.05933519706277,-87.67572153057453
1766,42.05932858595668,-87.67571675946945
1767,42.05933280363577,-87.67573957043032
1768,42.05935273099973,-87.67573900377474
1769,42.05933210207631,-87.67573561142237
1770,42.059342236351384,-87.67572860803566
1771,42.059329729865105,-87.6757173749371
1772,42.0535814967994,-87.67484508093449
1773,42.05366211466023,-87.67488504973691
1774,42.053729801594386,-87.67487933500878
1775,42.05394924205476,-87.67480018486742
1776,42.0541300910869,-87.67467930212877
1777,42.05426299711117,-87.67470432110349
1778,42.05444425109497,-87.6746632626912
1779,42.05461565154996,-87.67476268424295
1780,42.05496802720594,-87.6749028207424
1781,42.0551286732904,-87.67487514638528
1782,42.05392773777502,-87.67816476001687
1783,42.053875199655586,-87.67813044701468
1784,42.05389116032554,-87.67813202678293
1785,42.05391842940468,-87.67811982176792
1786,42.053921147221665,-87.6781090263078
1787,42.05392716766328,-87.67807427952519
1788,42.05393254539544,-87.67802717914618
1789,42.05392032607415,-87.67786423210237
1790,42.053916349531036,-87.67761733513491
1791,42.05390967772961,-87.67739192123084
1792,42.05172850754303,-87.67969666988373
1793,42.05171656333101,-87.67970622525334
1794,42.05171656333101,-87.67970622525334
1795,42.05171777870697,-87.67968501903832
1796,42.05171777870697,-87.67968501903832
1797,42.05171777870697,-87.67968501903832
1798,42.05172167629195,-87.67969834626436
1799,42.05172561578644,-87.67963808038056
1800,42.05187045507324,-87.67963782892346
1801,42.05202003013534,-87.67961687416553
1802,42.05114827029598,-87.67442394987464
1803,42.05113129694206,-87.6744048391354
1804,42.051105480680285,-87.67439142809033
1805,42.05108528029364,-87.67437835232138
1806,42.05107375517678,-87.67436720439017
1807,42.05107920341384,-87.67434499234676
1808,42.05109835606259,-87.67431800261855
1809,42.05109077044022,-87.67428212807297
1810,42.051079161504326,-87.6742964611274
1811,42.05106566664022,-87.67427525491237
1812,42.051751432048206,-87.67964151696086
1813,42.05170797188026,-87.6796667464894
1814,42.05173751808894,-87.6796823368293
1815,42.051765723193114,-87.67965040177822
1816,42.05166866075439,-87.67965425745368
1817,42.051699631886606,-87.67964495354116
1818,42.05166333824587,-87.67964336097955
1819,42.051619500892286,-87.67966683030843
1820,42.05153475985122,-87.67949156471312
1821,42.05153438266558,-87.67926223584234
1822,42.05615877265148,-87.67345265996997
1823,42.05615347752024,-87.67345274070837
1824,42.056156682509815,-87.6734526918398
1825,42.05614656101813,-87.67345284616889
1826,42.056175103686385,-87.67345241095987
1827,42.056102057812424,-87.67344226347942
1828,42.05627556244309,-87.67345341481914
1829,42.05627601304314,-87.67345126211157
1830,42.05627606832228,-87.67345099801966
1831,42.05627585835614,-87.673452001117
1832,42.05914163034601,-87.6737005078119
1833,42.05914163034601,-87.6737005078119
1834,42.05914163034601,-87.6737005078119
1835,42.05914163034601,-87.6737005078119
1836,42.05914628230227,-87.67369824469804
1837,42.059123483525646,-87.67372875482559
1838,42.05908052627189,-87.67373311341524
1839,42.058743825221484,-87.67315308571577
1840,42.05866901673568,-87.67301972963631
1841,42.05849023074103,-87.67297220424533
1842,42.060625753575856,-87.67510228401822
1843,42.060631528684894,-87.67510137767076
1844,42.060619559795285,-87.67508511967655
1845,42.060624592261036,-87.67508539304453
1846,42.06061767508386,-87.67506027482663
1847,42.06063321433485,-87.67510781747397
1848,42.06061835186463,-87.67504683488144
1849,42.06059797277799,-87.67500180495477
1850,42.06049807508269,-87.67497709503577
1851,42.060379087854315,-87.67495638992209
1852,42.05197943355729,-87.67554737795409
1853,42.05196681627738,-87.67552643943522
1854,42.05195750481199,-87.67549502454257
1855,42.05194661618204,-87.67548120927933
1856,42.051935768451024,-87.67545921195749
1857,42.05191299774837,-87.67545147417208
1858,42.05190127273237,-87.67545390422465
1859,42.05190331951318,-87.67548003044014
1860,42.05192146262056,-87.67556312275694
1861,42.05202302711235,-87.67559934179059
1862,42.057690656448365,-87.677027895634
1863,42.05766711572755,-87.67699559319078
1864,42.05765877928402,-87.67698846759181
1865,42.057650475615596,-87.67698585201975
1866,42.05767565943015,-87.67694893760631
1867,42.05768726649245,-87.67695266108164
1868,42.05763419995526,-87.67696866104674
1869,42.05764389587935,-87.67697993938951
1870,42.05756142844948,-87.67699667072365
1871,42.05732921608697,-87.67703973131657
1872,42.0507025,-87.6787501
1873,42.050666,-87.6787639
1874,42.0506452,-87.6787609
1875,42.0506227,-87.6787668
1876,42.050628,-87.6787595
1877,42.0506348,-87.6787454
1878,42.050644,-87.6787255
1879,42.0506602,-87.678678
1880,42.0507645,-87.6786748
1881,42.050728,-87.678843
1882,42.05711786173475,-87.67701110810756
1883,42.05710968937916,-87.67692988746583
1884,42.057098625266974,-87.67686224550724
1885,42.05711698163492,-87.67680491328954
1886,42.0571388584022,-87.67678622164547
1887,42.057079388799195,-87.67689451583445
1888,42.05703475516481,-87.6769192424488
1889,42.057039113754456,-87.67694371760606
1890,42.057036892550116,-87.67706550665915
1891,42.056821812914734,-87.67708394684612
1892,42.05738458566371,-87.67681259515011
1893,42.05738418611718,-87.67684806743208
1894,42.05738320655335,-87.67691877324707
1895,42.05016600847809,-87.67747411950376
1896,42.0501867258836,-87.67750220884174
1897,42.05018287732655,-87.67752224680297
1898,42.05018564953019,-87.67754589599849
1899,42.05018387274658,-87.67756840585147
1900,42.05019352068506,-87.67759667064736
1901,42.05021622138467,-87.67766841941666
1902,42.050288071165795,-87.67767021938096
1903,42.0504588617026,-87.67758945669539
1904,42.05065049543721,-87.67748614101833
1905,42.060905000073404,-87.67527052013878
1906,42.060905844101825,-87.67530709310005
1907,42.060900169515364,-87.67532829578738
1908,42.060886371589035,-87.6753258757402
1909,42.060854735736704,-87.67531104930953
1910,42.06084611249933,-87.67528601955709
1911,42.060839471900465,-87.67527458719809
1912,42.06083420650059,-87.67526727492364
1913,42.06081019565336,-87.67529050724436
1914,42.06080954046316,-87.67527468775243
1915,42.05349126024605,-87.67339087113604
1916,42.05350463441161,-87.67332633601349
1917,42.053520023630185,-87.67330810300592
1918,42.0535179442205,-87.67327317944796
1919,42.053505200324686,-87.67325836940127
1920,42.053467292227936,-87.67318770181109
1921,42.05338576679673,-87.67314704917342
1922,42.05343818556139,-87.67320829632749
1923,42.05347574974134,-87.67325168495432
1924,42.05350661942097,-87.6732730212323
1925,42.05937334011559,-87.67632017401215
1926,42.05936824980342,-87.67633211516504
1927,42.059331578055286,-87.67632544383025
1928,42.059281805171956,-87.67631936883869
1929,42.05925683325901,-87.67629487636276
1930,42.059222701590755,-87.67624900120471
1931,42.05913700580438,-87.67627617432224
1932,42.05913126882162,-87.6762432761034
1933,42.059142541500925,-87.67611607323433
1934,42.05916660421812,-87.67593216703024
1935,42.053583305070156,-87.67321721782535
1936,42.05359101716169,-87.67321039563332
1937,42.05358820936761,-87.67318328334424
1938,42.05364428510437,-87.67309019885613
1939,42.053764199328214,-87.67312669699933
1940,42.05407710208433,-87.6736324398722
1941,42.053953265182095,-87.67336364768457
1942,42.05423662167312,-87.67380518793789
1943,42.05438809320294,-87.67385502509471
1944,42.05455068422293,-87.6738418889258
1945,42.057238435411875,-87.67694438815832
1946,42.05722393471939,-87.67695830211758
1947,42.05724216535879,-87.67695981086015
1948,42.05725666605127,-87.67694631599605
1949,42.0572614879519,-87.67702267828398
1950,42.057180354744176,-87.67702421728214
1951,42.057040895557854,-87.67709172439746
1952,42.05699687069265,-87.67707093415177
1953,42.05675402701293,-87.67707640040246
1954,42.056487626435285,-87.67707573258102
1955,42.05229985075955,-87.67182747247529
1956,42.05232474168178,-87.67182442389169
1957,42.052349737729195,-87.67178918301545
1958,42.05234908316526,-87.67182416501147
1959,42.05238362909741,-87.67182774495807
1960,42.05242276480737,-87.67182076993004
1961,42.05265774210406,-87.67187462889225
1962,42.05290819026733,-87.67194895884141
1963,42.05306581523963,-87.6718879539929
1964,42.05328218270152,-87.67186731244904
1965,42.05072112394486,-87.67865828473684
1966,42.06097886233125,-87.67768919919344
1967,42.06099809055299,-87.67769830504552
1968,42.05255752628711,-87.6717109364955
1969,42.052459618791964,-87.6717181706333
1970,42.05263038496776,-87.67170884710417
1971,42.05261717893613,-87.67163808419267
1972,42.052636729144346,-87.67135710456282
1973,42.05257237675977,-87.67127433991017
1974,42.05253991388128,-87.67116188982027
1975,42.0524533,-87.6717653
1976,42.0524477,-87.6717625
1977,42.051407790982054,-87.6813494157398
1978,42.05150702189339,-87.68133746479144
1979,42.05151256086489,-87.68137821079803
1980,42.05149662496988,-87.68137113089549
1981,42.05135745411624,-87.68133087003449
1982,42.05128218249953,-87.6812059003266
1983,42.051285287584406,-87.68093151702004
1984,42.05124046638587,-87.68040056703468
1985,42.05127821629867,-87.68061934565328
1986,42.05123912845745,-87.68029348233024
1987,42.05090649429899,-87.68118521206796
1988,42.05091085288864,-87.68121689566195
1989,42.05092233609599,-87.68119258814275
1990,42.05155143983853,-87.68133080572605
1991,42.05155143983853,-87.68133080572605
1992,42.05155143983853,-87.68133080572605
1993,42.05155143983853,-87.68133080572605
1994,42.05155143983853,-87.68133080572605
1995,42.05155143983853,-87.68133080572605
1996,42.05155143983853,-87.68133080572605
1997,42.05917159564985,-87.67363722444296
1998,42.05917159564985,-87.67363722444296
1999,42.05917159564985,-87.67363722444296
2000,42.05916996117873,-87.67363823027134
2001,42.05097593836677,-87.68119703055143
2002,42.05097593836677,-87.68119703055143
2003,42.05097593836677,-87.68119703055143
2004,42.05097593836677,-87.68119703055143
2005,42.05097593836677,-87.68119703055143
2006,42.05097593836677,-87.68119703055143
2007,42.053142996058284,-87.67782877053835
2008,42.053142996058284,-87.67782877053835
2009,42.053142996058284,-87.67782877053835
2010,42.053142996058284,-87.67782877053835
2011,42.053142996058284,-87.67782877053835
2012,42.053142996058284,-87.67782877053835
2013,42.053142996058284,-87.67782877053835
2014,42.053142996058284,-87.67782877053835
2015,42.053142996058284,-87.67782877053835
2016,42.05312517768468,-87.67765412292195
2017,42.05095489978981,-87.68123416238248
2018,42.0509422012065,-87.68121220179617
2019,42.05039792232406,-87.6813023910743
2020,42.053357488514905,-87.67831776299298
2021,42.053357488514905,-87.67831776299298
2022,42.053357488514905,-87.67831776299298
2023,42.053357488514905,-87.67831776299298
2024,42.053357488514905,-87.67831776299298
2025,42.053357488514905,-87.67831776299298
2026,42.053357488514905,-87.67831776299298
2027,42.053112443575685,-87.67903408043802
2028,42.05317023679805,-87.67904866494953
2029,42.05315598756266,-87.67901941210746
2030,42.05098000358981,-87.68117004082322
2031,42.05098000358981,-87.68117004082322
2032,42.05098000358981,-87.68117004082322
2033,42.05098000358981,-87.68117004082322
2034,42.05098000358981,-87.68117004082322
2035,42.05098000358981,-87.68117004082322
2036,42.05098000358981,-87.68117004082322
2037,42.05074233472538,-87.68117339358449
2038,42.05076848626327,-87.68116165892005
2039,42.05090523701352,-87.6810896583718
2040,42.05317757096333,-87.67884976238727
2041,42.05317757096333,-87.67884976238727
2042,42.05317757096333,-87.67884976238727
2043,42.05317757096333,-87.67884976238727
2044,42.05317757096333,-87.67884976238727
2045,42.05317757096333,-87.67884976238727
2046,42.05317757096333,-87.67884976238727
2047,42.058713859917646,-87.67591911376238
2048,42.058713859917646,-87.67591911376238
2049,42.058713859917646,-87.67591911376238
2050,42.05870388545287,-87.67596135855436
2051,42.05870388545287,-87.67596135855436
2052,42.05870388545287,-87.67596135855436
2053,42.05867161512566,-87.67596513041079
2054,42.05867618326289,-87.67595465303182
2055,42.05094706271034,-87.68113777049601
2056,42.05094706271034,-87.68113777049601
2057,42.05079723619115,-87.67834693201601
2058,42.05079723619115,-87.67834693201601
2059,42.05079723619115,-87.67834693201601
2060,42.05079723619115,-87.67834693201601
2061,42.058674297334676,-87.67592590310394
2062,42.058674297334676,-87.67592590310394
2063,42.058674297334676,-87.67592590310394
2064,42.058674297334676,-87.67592590310394
2065,42.058674297334676,-87.67592590310394
2066,42.058674297334676,-87.67592590310394
2067,42.0587048,-87.6742043
2068,42.0587013,-87.6742093
2069,42.058705,-87.6742658
2070,42.0586856,-87.6743547
2071,42.0586078,-87.67455
2072,42.0584044,-87.6747346
2073,42.0580362,-87.6747131
2074,42.0578201,-87.6747404
2075,42.0575612,-87.6747156
2076,42.0572931,-87.674701
2077,42.0507813,-87.6784199
2078,42.0508179,-87.6783981
2079,42.0508257,-87.6784148
2080,42.0509903,-87.6783774
2081,42.05116,-87.6786457
2082,42.0511002,-87.6791046
2083,42.0511576,-87.6796385
2084,42.0515996,-87.6809267
2085,42.0515898,-87.6809874
2086,42.0515766,-87.6809209
2087,42.05914246853633,-87.67653451309323
2088,42.059092219026816,-87.6765600778979
2089,42.05911292232765,-87.67368558802426
2090,42.059126836286914,-87.67368558802426
2091,42.05918119292898,-87.67372791663527
2092,42.05918119292898,-87.67372791663527
2093,42.05918919764651,-87.67376722776115
2094,42.059055087195766,-87.6738508791548
2095,42.058938746379745,-87.67401918777048
2096,42.0588183822502,-87.6741373726052
2097,42.05877835866256,-87.67423644670069
2098,42.05869152214569,-87.67426259823858
2099,42.05702724760748,-87.67688414643803
2100,42.05703111194318,-87.67689574520091
2101,42.05703159988487,-87.67682000416694
2102,42.05707353564656,-87.67680954232901
2103,42.05707751053894,-87.6767197695438
2104,42.057045887323994,-87.67661139822393
2105,42.05698989031794,-87.67647666914276
2106,42.05714777978301,-87.6762977341316
2107,42.0572766191929,-87.67611797820463
2108,42.05718880122373,-87.67592795157732
2109,42.04994324598652,-87.67812590122938
2110,42.04994324598652,-87.67812590122938
2111,42.04994324598652,-87.67812590122938
2112,42.04993695955914,-87.67812347047746
2113,42.04993385825497,-87.67812112354457
2114,42.049912526311395,-87.67809991732955
2115,42.049898151347456,-87.67805809163272
2116,42.049905946517406,-87.67804929063439
2117,42.049908796364484,-87.67806027092755
2118,42.04991478942525,-87.67805666670918
2119,42.05745615697541,-87.67690985976503
2120,42.05744726991959,-87.67689355029785
2121,42.057462559167305,-87.6768970112532
2122,42.05748958042001,-87.67690044302181
2123,42.05749639831063,-87.67688414324192
2124,42.05750384525899,-87.6768896952564
2125,42.05750126509764,-87.67687790991944
2126,42.05749842609588,-87.67689911675035
2127,42.057481343986424,-87.67688646591722
2128,42.05745587831406,-87.67687107913639
2129,42.05220807813299,-87.67707204454362
2130,42.05220807813299,-87.67707204454362
2131,42.05220807813299,-87.67707204454362
2132,42.05221960324985,-87.67713105314195
2133,42.05221960324985,-87.67713105314195
2134,42.05500365238828,-87.67724554993927
2135,42.05527061600429,-87.6772440411967
2136,42.055728201499825,-87.67723713807456
2137,42.055962458605535,-87.67719818457809
2138,42.056216678165285,-87.67715490173183
2139,42.05129306767327,-87.67884808600664
2140,42.05129243903053,-87.678851690225
2141,42.05128703270299,-87.67884967856824
2142,42.051267419049566,-87.67886929222166
2143,42.05125928860349,-87.67886862166941
2144,42.05119005408329,-87.6788381953609
2145,42.051137331912344,-87.67876879320264
2146,42.05116855450166,-87.67861003995657
2147,42.05114856366259,-87.67848330558061
2148,42.05120342321885,-87.67853820704639
2149,42.058850736396444,-87.67586404465854
2150,42.05886997286422,-87.67588717871129
2151,42.058858112471235,-87.6758710854572
2152,42.05229751303983,-87.67186973252116
2153,42.05229935705853,-87.67190661289511
2154,42.05229935705853,-87.67190661289511
2155,42.05229935705853,-87.67190661289511
2156,42.05229935705853,-87.67190661289511
2157,42.05229692630661,-87.67190686435221
2158,42.0523016620819,-87.6719160844457
2159,42.05227924049092,-87.67191356987475
2160,42.05224491659743,-87.67193737447975
2161,42.05233196266187,-87.67181449577926
2162,42.05245660156203,-87.67303280540526
2163,42.052435479166036,-87.6730408520323
2164,42.05238900151295,-87.67304915011644
2165,42.05240840561879,-87.67305694528639
2166,42.05238665458006,-87.67310145319223
2167,42.05233577642781,-87.6733484678787
2168,42.052219770887916,-87.67362356194079
2169,42.051689912151986,-87.6736494033697
2170,42.05170975995145,-87.67400288267763
2171,42.05175567911268,-87.67430376607106
2172,42.05922180324985,-87.67357821584463
2173,42.05922180324985,-87.67357821584463
2174,42.05922180324985,-87.67357821584463
2175,42.05921509772731,-87.67357360579788
2176,42.059217696117294,-87.67358198770106
2177,42.05921425953699,-87.67369749032676
2178,42.05912800975336,-87.67377393328368
2179,42.05907277301146,-87.67364376232743
2180,42.05900810662849,-87.67353144482493
2181,42.05887961205287,-87.67338987448036
2182,42.058621784711306,-87.67593537465453
2183,42.05859320242149,-87.67595456921279
2184,42.05858448524219,-87.67595373102247
2185,42.058565542141025,-87.67599823892832
2186,42.05912130423082,-87.67363445841491
2187,42.05912130423082,-87.67363445841491
2188,42.05912130423082,-87.67363445841491
2189,42.05912130423082,-87.67363445841491
2190,42.05912130423082,-87.67363445841491
2191,42.05858976584119,-87.67406629406631
2192,42.05858976584119,-87.67406629406631
2193,42.05857325349194,-87.67405179337382
2194,42.05857325349194,-87.67405179337382
2195,42.05374045767081,-87.67278168358622
2196,42.05372608270687,-87.67277170912145
2197,42.05372608270687,-87.67277170912145
2198,42.05372713044477,-87.67276802108405
2199,42.05372381959302,-87.67274916180192
2200,42.05372478351188,-87.67274312683163
2201,42.05374443907482,-87.67279249624131
2202,42.05375353343976,-87.67287136995016
2203,42.053751773240094,-87.67308142044365
2204,42.053747205102866,-87.67297782012045
